{
    "TD3_RSNorm_": [
        [
            4.767616431341396,
            6.166705475329544,
            5.325137988952314,
            8.335718905509406,
            11.726509953504676,
            6.121146945951118,
            4.277865689444769,
            3.6584634869241652,
            1000,
            1000,
            1000,
            1000,
            3.618895538173011,
            3.270211354447889,
            3.191373112594938
        ]
    ],
    "TD3_": [
        [
            5.675227234921767,
            5.195567055691755,
            5.648566202804719,
            4.990875489939211,
            5.074923810575319,
            1000,
            5.122609532459124,
            3.9522881078932257,
            3.469293979745101,
            3.123858452696134,
            3.2452274860285053,
            3.336009609620119,
            1000,
            1000,
            1000
        ]
    ],
    "TD3_LayerNorm_": [
        [
            6.544163367550269,
            6.721575721870491,
            5.844252688480122,
            6.730106912330926,
            6.169820306343062,
            1000,
            12.860626375423772,
            6.417831526153847,
            5.267243470069448,
            4.1811105057989515,
            3.8263109370714856,
            1000,
            1000,
            3.3989129169689916,
            1000
        ]
    ],
    "TD3_Residual_": [
        [
            6.813449251584095,
            5.522581040167068,
            5.255929075789023,
            1000,
            6.181385801546616,
            1000,
            3.72261804715396,
            1000,
            3.423626432210692,
            3.316135389164538,
            1000,
            3.213908456606281,
            3.4505784071477903,
            1000,
            3.321758246153234
        ]
    ],
    "TD3_RSNorm_LayerNorm_Residual_": [
        [
            4.913579934155011,
            6.484911864197791,
            4.948127031063202,
            6.472863043724636,
            5.901581309355382,
            7.836136844081707,
            5.650149864953154,
            1000,
            7.09705565027622,
            5.054568115958621,
            3.837546929401551,
            1000,
            1000,
            3.3836649962678718,
            3.556478480847634
        ]
    ]
}