{
    "MLP": [
        1.8854681355829346,
        6.568511290376572,
        2.3372657366018874,
        6.127517337396622,
        1.931115198050424,
        1.9093860760350834,
        1.9092606998931638,
        2.1096779491131157,
        1.9808058991057031,
        1.960554300239419
    ],
    "Simba (RSNorm)": [
        2.891670194239416,
        1.906222816478679,
        4.4148552691081075,
        3.169936907220975,
        3.095367055124665,
        4.195359657373786,
        1.8774182625225162,
        4.31978150328495,
        4.396799133702563,
        4.6669217023877785
    ],
    "Simba (LayerNorm)": [
        4.53558463263035,
        1.9329349229042292,
        1.9808140843903068,
        2.9676901472080597,
        2.075400120474826,
        1.9276656151600786,
        1.890242723554913,
        2.161695777416104,
        1.9301523255637372,
        1.8672006396279046
    ],
    "Simba (Residual)": [
        1.961502802561741,
        2.0349474713280116,
        2.0609561991331984,
        2.0343964636855754,
        1.9449925578357428,
        2.11461435316504,
        2.129964096912944,
        1.9325635355055741,
        1.9031600421623305,
        1.932257493116774
    ],
    "Simba (all)": [
        1.9305714369551747,
        4.873587699556497,
        5.604442274227806,
        1.912339669646065,
        2.19506765737603,
        4.426614090802203,
        4.69370152085218,
        1.9221749707787796,
        3.1485704703849673,
        1.9216375526920162
    ]
}