{
    "MLP": [
        1.8915254504815566,
        1.964574184583988,
        1.98487693968735,
        1.872137667578825,
        1.9799243892695781,
        2.1449031750473893,
        4.0107121474341465,
        2.119207653655419,
        2.0131325298385727,
        2.283403671704485
    ],
    "Simba (RSNorm)": [
        1.9641268446451512,
        1.9502793849392988,
        2.1679447451922402,
        2.0394068328426944,
        1.8925235958906699,
        2.086061454278329,
        1.9877384289805855,
        1.8476981932834606,
        1.894847857884965,
        1.9227909162278163
    ],
    "Simba (LayerNorm)": [
        1.9235532433416587,
        6.1812434632312945,
        1.9646031709600797,
        6.335408889075601,
        2.645161519189551,
        1.9831051123193486,
        1.9182302704204515,
        1.9617560138734833,
        3.2017984955920253,
        1.921522446487944
    ],
    "Simba (Residual)": [
        2.352297968675175,
        2.3041886814660506,
        2.8247821648207267,
        2.491810563643649,
        2.5920522031387576,
        2.246232183807093,
        2.2338387799512054,
        2.1439132948578883,
        2.1745617783660522,
        2.4031219987323507
    ],
    "Simba (all)": [
        2.933027161663624,
        4.95281856753147,
        1.8967456482926908,
        1.9629656323389422,
        4.570442879393703,
        4.802727989950957,
        2.1202238787061027,
        1.9059358851740955,
        4.90026102309047,
        1.9025276972578415
    ]
}