{
    "MLP": [
        1.96410592010452,
        5.767157411859439,
        6.156092001513226,
        1.9660611841800733,
        1.8932896683484908,
        1.8773569186990824,
        6.802097769622195,
        1.9928710372346239,
        1.9342109283066862,
        1.9635620384922023
    ],
    "Simba (RSNorm)": [
        2.126573543709764,
        2.0651061982914625,
        2.0013220699131993,
        2.1744047972374516,
        1.9223712109797297,
        2.2011833651877826,
        4.692382842271456,
        3.6761642698612094,
        4.424588920314778,
        1.9727429392774094
    ],
    "Simba (LayerNorm)": [
        1.9449312280847375,
        1.8998949335503967,
        6.32279691880208,
        2.004248684911661,
        2.021148845148826,
        1.9100660448320668,
        6.631170447581445,
        1.9504671202235853,
        1.9353209463005818,
        2.046835412614966
    ],
    "Simba (Residual)": [
        2.174550222429373,
        2.2466701448070543,
        2.0944249278423914,
        2.119539771305652,
        2.1116411577816914,
        2.1267700645343504,
        1.9867093378754976,
        2.2445829413357563,
        2.1997687368334518,
        2.0458668491586804
    ],
    "Simba (all)": [
        1.8689776321560274,
        1.9298279557004534,
        1.8674479637988903,
        1.8660992842799982,
        1.857491688891807,
        4.592032883097564,
        1.8609118050967053,
        1.89780684359997,
        1.9208054891487967,
        4.403984298424435
    ]
}